Sample,Fay June 16 Total Area MS1,Fay Late June 16 Total Area MS1,Fay Mid July 16 Total Area MS1,Fay Early Aug 16 Total Area MS1,Fay Aug 16 Total Area MS1,Fay Early Sept 16 Total Area MS1,Fay Late Sept 16 Total Area MS1,Fay Late June 17 Total Area MS1,Fay Early July 17 Total Area MS1,Fay Late July 17 Total Area MS1,Fay Early Aug 17 Total Area MS1,Fay Late Aug 17 Total Area MS1,Fay Early Sept 17 Total Area MS1,Fay Late Sept 17 Total Area MS1,JL 086C Total Area MS1,JL Late July 16 Total Area MS1,JL Dec 17 Total Area MS1,JL Nov 17 Total Area MS1,JL Oct 17 Total Area MS1,KB Early June 16 Total Area MS1,KB Late June 16 Total Area MS1,KB Early July 16 Total Area MS1,KB Mid Aug 16 Total Area MS1,KB Early Aug 16 Total Area MS1,KB Late Aug 16 Total Area MS1,KB Sept 16 Total Area MS1,KB Early July 17 Total Area MS1,KB Late July 17 Total Area MS1,KB Early Aug 17 Total Area MS1,KB Mid Aug 17 Total Area MS1,KB Late Aug 17 Total Area MS1,KB July 22 Rep 1 Total Area MS1,KB July 22 Rep 2 Total Area MS1,KB Aug 22 Rep 1 Total Area MS1,KB Aug 22 Rep 2 Total Area MS1,KB Sept_Oct 22 Rep 1 Total Area MS1,KB Sept_Oct 22 Rep 2 Total Area MS1,Lill Late May 16 Total Area MS1,Lill Mid June 16 Total Area MS1,Lill Late June 16 Total Area MS1,Lill Early July 16 Total Area MS1,Lill Late July 16 Total Area MS1,Lill Aug 16 Total Area MS1,Lill Early Sept 16 Total Area MS1,Lill Mid Sept 16 Total Area MS1,Lill Late June 17 Total Area MS1,Lill Late July 17 Total Area MS1,Lill End July 17 Total Area MS1,Lill Early Aug 17 Total Area MS1,Lill Late Aug 17 Total Area MS1,Lill Oct 17 Total Area MS1,Lill Sept 17 Total Area MS1,Buck Dam Aug 22 Rep 1 Total Area MS1,Buck Dam Aug 22 Rep 2 Total Area MS1,Buck Dam July 22 Rep 1 Total Area MS1,Buck Dam July 22 Rep 2 Total Area MS1,Buck Dam Sept 22 Rep 1 Total Area MS1,Buck Dam Sept 22 Rep 2 Total Area MS1
Label,Fayetteville 16,Fayetteville 16,Fayetteville 16,Fayetteville 16,Fayetteville 16,Fayetteville 16,Fayetteville 16,Fayetteville 17,Fayetteville 17,Fayetteville 17,Fayetteville 17,Fayetteville 17,Fayetteville 17,Fayetteville 17,Jordan Lake,Jordan Lake,Jordan Lake,Jordan Lake,Jordan Lake,Kings Bluff 16,Kings Bluff 16,Kings Bluff 16,Kings Bluff 16,Kings Bluff 16,Kings Bluff 16,Kings Bluff 16,Kings Bluff 17,Kings Bluff 17,Kings Bluff 17,Kings Bluff 17,Kings Bluff 17,Kings Bluff 22,Kings Bluff 22,Kings Bluff 22,Kings Bluff 22,Kings Bluff 22,Kings Bluff 22,Lillington 16,Lillington 16,Lillington 16,Lillington 16,Lillington 16,Lillington 16,Lillington 16,Lillington 16,Lillington 17,Lillington 17,Lillington 17,Lillington 17,Lillington 17,Lillington 17,Lillington 17,Buckhorn Dam,Buckhorn Dam,Buckhorn Dam,Buckhorn Dam,Buckhorn Dam,Buckhorn Dam
PFEESA,0,0,25.12106538,0,0,0,0,0,0,0,0,0,0,0,261.8395303,0,0,175.3572924,14.663437,0,5646.260948,2683.452671,861.5192248,15258.42272,378.0001209,271.0093217,14650.10445,1131.338968,303.3748639,354.6072743,268.6902754,0,0,1700.790622,1613.269128,0,0,0,0,0,0,0,0,0,0,0,0,0,0,0,0,0,0,0,0,0,0,0
Compound 1,0,0,41.61622276,0,25.46093064,0,0,0,3.8647343,0,1.785714286,0.114311843,63.60913931,14.94112419,221.8618954,0,17.87645384,172.5916403,61.76276786,198.0854895,700.7834399,300.6268524,522.6633323,1696.718298,207.4642807,3005.092861,1045.583408,921.5969751,553.5865489,742.9034874,608.4317032,37.52535497,0,17.3391494,70.59925094,0,14.61412151,0,0.251863792,0,0.151057402,0,2.537692193,0,0.284292822,0,0,3.768844221,0,0,0,0,0.61163706,1.475336822,0,0,0.968133635,0
Compound 2,9.24472353,0,5339.437046,1.369752639,5939.836422,0,0,1176.511955,1298.143911,0,112.8968254,2068.815729,8891.858917,5953.899134,0,0,0,0,0,3484.84233,15781.12967,8877.1212,29074.45035,88125.26308,7714.920501,247420.7862,46783.94509,13656.08319,11860.22741,16733.85738,26354.74986,1542.849899,601.7193664,3888.167939,3843.713216,511.2244898,384.2877668,0,0,0,0,0,0,0,0,0,0,0,0,0,0,0,0,0,0,0,0,0
Compound 4 (PFPrESA),0,0,2263.014528,0,798.4381498,0,0,701.4064698,628.9346555,0,0,234.8346289,860.581189,1151.021995,410.2879508,0,86.84425415,392.7225976,113.5952335,2596.30096,252101.4775,164134.6028,38474.36699,363544.8936,4609.404913,8839.010704,1507401.82,349605.8719,65831.74066,39034.93668,20997.63912,112.6605815,20.22610846,35675.79062,35551.76565,281.7872604,233.569376,64.2599278,0,1101.996257,470.040282,150.0987992,141.0409514,358.4489976,207.6759062,303.4663179,581.2534664,2285.59464,64.3958118,2.24905303,251.8849206,467.251816,183.9963834,110.3162231,84.38702584,103.269922,0,25.49884729
Compound 3,0,12.57302138,927.9661017,0,418.8808281,3.531300161,95.8718088,2746.202532,142.6392067,0,32.88690476,1951.646091,4156.499556,3250.777605,16.04696673,0,36.1943016,36.25246666,3.201826433,20467.52508,31918.19573,43246.15102,144706.7313,129952.9244,26088.65848,34812.14358,39969.63593,83063.50089,101410.1851,49377.62805,31369.47723,1642.241379,564.5351234,1740.294438,1347.913323,320.3772418,333.2614943,0,0,0,0,0,0,152.5666446,430.9879176,0,0,0,0,0.207149621,11.14417989,1.392251816,0,3.034183276,0,0,0,1.112966055
Compound 5 (PFBESA),0,42.81944074,6092.766344,18.16936589,1151.795204,1.979668272,165.1819663,2760.267229,1007.526062,33.2375604,14.48412698,2470.126505,2062.278172,3248.722506,496.3936259,419.9468061,578.722606,481.298212,405.4254717,2750.450194,24113.05973,33414.22089,12052.93321,54922.97937,2016.504444,12899.16949,896717.547,392216.1366,189445.9296,50392.1642,12536.98707,1697.768763,491.8153448,48622.05562,37095.26485,6126.891363,8191.759031,257.1841155,56.92121701,1964.233728,981.3192346,386.1275776,371.4982336,1023.628553,867.6143094,1482.3414,2688.482159,5599.246231,1151.75482,43.32386364,860.218254,2059.68523,312.5997234,365.0762721,258.1546637,249.2329271,0,334.5854201
Unknown 1,11870.70469,18122.43869,430534.8063,14022.07719,360011.8294,14554.03959,109300.6518,786055.6259,374612.9672,31636.73763,50437.99603,486384.0116,563486.1358,881873.4726,34895.3872,56878.19675,53360.27675,51650.27208,13747.94665,83150.81847,58306.05497,102635.3503,160099.9792,36012.5375,36705.6103,48220.29419,201571.4712,135719.2504,132894.218,208727.6187,63817.59415,110301.9777,90424.13001,126354.1167,140401.5516,21563.45083,25873.31691,146220.6137,18435.82511,673941.7758,381865.0554,192099.8379,362668.5824,1388690.02,1021287.373,1138608.633,2009728.416,3251488.275,822164.4722,247046.224,491791.6336,1127170.823,34238.7512,37668.04922,33880.52043,22889.27851,1048.505136,19795.53224
Compound 9,0,0,1213.983051,0,869.0448685,0.374531835,0,139.6624473,186.2191711,0,0,452.9797287,891.9143744,1018.884692,347.7774672,25.17368061,71.61616385,247.4884889,136.0080185,26697.67253,168494.5221,37403.20508,335792.0183,635183.0539,41999.47605,614016.1426,153730.2298,65180.16014,42683.01681,44200.01248,108256.4924,1063.471941,587.5581464,2218.484188,2282.637774,624.9226964,538.8546798,0.938628159,0,0,50.55387714,5.953285707,0,0,1.70575693,1.765860039,10.35311518,25.54438861,3.864647463,0,14.38492063,0,20.44995213,2.11557733,0,0,0,0
Compound 6 (PFPeESA),17.87894645,57.67577025,4110.01816,17.20248167,995.9336445,9.309791332,92.8299837,2350.281294,966.9463514,41.20412694,36.01190476,2127.495809,1613.021295,1947.678294,273.91669,376.2709151,696.4092604,233.0622496,370.1589776,1236.308001,1583.667895,4531.434417,8569.500886,9598.538979,796.1026137,2315.726876,68240.45061,111422.7647,108554.6147,40233.57664,5268.858909,922.7941176,494.3178473,2224.645583,2097.084002,568.8311688,796.6543514,335.66787,15.11182752,1355.47931,644.5619335,462.4309672,354.0080609,996.6402291,686.8040749,1230.86985,1763.080052,4784.338358,944.6366782,93.60203598,432.3082011,1504.903148,163.0411658,322.3193408,262.9191864,125.3616201,11.79810311,178.9490421
Compound 7,21.62916449,39.49826528,1756.658596,21.02973169,351.2776674,8.400214018,128.1368821,2092.897328,681.1594203,50.28078882,1.28968254,2131.572931,2021.517303,2577.927127,531.5627621,238.3049129,670.587716,321.1146325,456.7010979,89699.28375,97627.55285,101887.4813,548203.7616,425975.3726,172697.8417,223816.8502,165066.1743,437773.4653,535986.6336,210965.3753,43403.65374,2937.838066,3126.449979,1851.117775,1504.46763,378.9012575,445.3304598,177.2202166,17.63046544,559.9916823,110.6243706,119.3190454,242.2998457,1242.674598,2453.968254,762.9169392,1488.07543,2089.61474,689.120568,82.71188447,542.3280423,1878.329298,16.06212105,88.21400735,6.047278725,5.084597177,1.181451216,64.25391526
Compound 8,0,0.682027103,23.91041162,0,4.713275727,0,1.466594242,100.8438819,16.17086194,2.024291498,0,46.82975156,99.37888199,156.4096867,3.857981549,11.20806981,1.269007526,15.17371285,0,17903.38086,17684.18026,29106.98455,16554.4962,25415.95401,8118.362453,13844.24588,14179.20024,30736.93283,45813.89863,20817.39347,11716.02024,745.3515889,450.5976565,518.7295529,401.7121455,133.9002268,93.78078818,1.444043321,0,7.589935538,5.840886203,1.671986624,0.248793352,0,3.601042407,7.128842381,0,106.5745394,3.684896418,0,2.281746032,1.573849879,0,0,0,0,0,0.735352572
Compound 11,0,0,0,0.483442108,0.462085856,0,0,0,3.8647343,0,0,0,0,0,0,1.512199895,0,0,0,129888.9746,266890.3184,118359.6402,108569.0841,157145.9476,82930.24404,105449.3103,281086.3921,202459.742,89202.24991,67420.73741,47548.5104,25.27045301,1.972560796,1.281352236,7.811663991,2.659245516,1.108374384,0,0,2.079434394,0,1.798652277,0,0,0,0,0,1.256281407,0,0.384706439,0,0.423728814,0.585044144,0,0,0,0,0
Unknown 3,0,0,1019.067797,0,833.6953006,0,0,279.676512,144.6732774,0,0,785.8939186,2397.626442,2090.646523,8.10735253,9.78482285,0,32.81408838,4.129892066,51383.95819,140472.5796,67020.90382,55387.20433,116049.0364,11882.14135,111815.1322,136651.895,100003.7255,145729.5875,117602.7825,124022.7656,690.9651792,248.7487487,975.0272628,1028.731942,106.2461348,109.7085386,0,0,0,0,0,2.23914017,0,0.758114191,14.78090255,6.932889628,1.046901173,0,0,1.818783069,0.605326877,0,1.642356085,0,0,0.082045223,1.152714842
Unknown 4,1.787894645,0,0,0,8.872048427,0,0,12.30661041,0,0,0,15.35589087,2.939219166,2.221728505,2.571987699,0,0,0,20.51025048,51531.26989,64764.65998,101727.2799,19612.74357,47413.42839,19781.14987,35432.84234,40836.39212,92032.13968,286253.5382,132337.3885,31929.2299,0.126774848,21.22710946,1.608505998,6.44729802,1.329622758,2.647783251,0.938628159,3.324602055,0,4.783484391,0.253331307,0,1.597268121,1.23193556,0,0,0,1.932323732,0.68063447,0,2.602905569,0,1.53100991,0,0.131498203,0,0
Compound 10,0,9.48907274,3082.929782,0.805736846,1071.53089,5.56447298,124.2259641,2773.488045,546.2496822,0,2.132936508,2285.970127,2236.30213,2365.974228,690.0754822,719.4513383,1031.758293,711.5200622,943.2395059,381785.8835,328391.1244,407988.0924,1990599.146,1612109.102,465757.1086,439610.2081,353117.2038,2150927.714,1106408.25,449622.06,65837.6054,12850.40568,12647.38268,6475.436205,5669.261637,2016.821274,2274.866585,341.732852,0,626.9494697,593.2527694,260.4499164,963.9000846,15697.45539,20129.35323,770.5035971,756.4244777,2015.284757,683.86285,0.68063447,496.957672,1008.11138,10.63716626,37.85769959,9.666483416,13.01832208,0,24.02814214
PFEtS,0,0,0,0,51.43015572,0,0,0,0,0,0,0,0,0,12.80402572,38.24976205,0,1.569694433,23.7584802,0,57.19214301,25.28391953,46.26445764,20.62053422,173.8105314,126.0000203,1.7159057,13.1227758,0,0,1.742551996,0,0,0,0,0,0,0,0,0,0,0,0,5.562899317,0,0,0,16.33165829,0,0,0,0,0,0,0,0,0,0
PFPrS,0,0,606.9915254,0,369.3914329,0,0,5.344585091,177.1167048,0,0,112.673373,99.54525288,225.6165297,329.9412916,91.26571131,11.64176469,204.8077498,136.8432776,70.33862735,56.42205132,100.716028,153.2770657,10.47011621,0,384.3534303,103.7003879,83.29626335,71.48905286,0,191.9617763,0,0,60.25081788,86.51685393,2.401566687,4.464285714,0,0,0,27.44209466,0,0,74.35558493,0,0,32.9081161,269.4723618,44.84788568,0,10.48280423,52.11864407,54.14317626,102.1879523,0,13.36898396,0,34.4621989
PFPeS,1255.799756,710.968775,692184.0194,1645.435501,142338.062,1228.250401,2129.16893,97462.8692,97424.358,1675.590963,2040.674603,43122.99954,204049.4122,135081.8152,146784.6799,26921.16101,37622.32129,146651.767,100490.3899,85751.92602,92811.65611,106976.2111,118324.5806,42265.40812,58726.44741,88886.63556,150134.3629,112258.73,121677.9969,147945.5986,145930.4666,21362.57606,5347.730083,33178.46238,36814.0717,5957.215007,5975.67734,21817.00361,1562.260729,150474.423,58740.13092,33234.02746,18365.95014,53885.05177,46150.43828,64017.7894,96192.1797,533582.4958,26337.52752,4131.451231,60591.26984,74483.53511,31396.92586,37478.51019,42527.57926,37081.66038,205.8350563,17690.91343
PFECHS,12294.9154,12802.77555,467376.816,9888.687455,127542.9047,6803.317282,36101.90114,249757.8762,140567.76,23836.55479,19164.88095,173533.2647,181127.2737,343166.5741,108364.8868,113338.5816,142775.485,137002.4069,141641.8409,62095.40057,45914.35554,69700.00262,70629.62384,24980.55169,24109.68704,28574.04979,69672.1128,60123.22064,94022.98294,73077.67172,26432.04047,74193.92326,46921.9808,66244.38386,66608.05243,26180.71532,30443.08292,89800.43321,9974.964739,309654.1901,165595.8711,88092.33926,89717.44539,284323.4743,201687.9886,223762.1321,403374.9307,820047.3199,213007.6394,34912.8196,180361.8386,441502.1792,151276.6461,167586.0428,114560.7477,94261.46226,13128.95868,173149.1176
PFHpS,63313.53567,73869.52525,2590371.368,49707.83982,526663.4167,34434.02889,120480.2281,1236427.707,628241.6984,90222.86796,55172.91667,932088.325,789485.7476,1117380.804,366551.7473,592730.8551,551692.6905,374344.6152,363027.8141,327060.1974,226331.1805,371347.9162,308660.8315,106617.5131,124205.3584,149106.6146,346133.5422,278097.976,496172.9164,442402.458,199323.0467,350518.2133,256094.7124,219156.7612,221703.9326,62413.32715,71219.34524,415141.0108,65766.57264,1555529.528,795625.8812,341704.2104,411398.1191,891641.3858,575189.6707,1012150.883,1488653.818,3378857.831,856382.0608,107239.3762,468372.8505,1120022.518,262983.406,267713.7847,241908.9243,196995.7044,13884.23419,178288.8544
8Cl-PFOS,3874.934589,4205.408771,213853.5109,2215.897188,9585.693822,1139.753879,5068.766974,29726.16034,13606.55988,3207.914327,1625.744048,22956.29477,14468.27862,20662.90824,3167.1792,8574.973981,7153.947165,3818.692818,3223.821589,13780.21041,5694.674046,15478.16508,8013.910597,3957.384229,5180.259154,8218.921859,6539.167413,7362.933719,13580.19838,8628.173935,4251.770658,7023.918188,7347.229583,3396.428571,3585.955056,1086.260565,1304.936371,19041.94946,3368.527101,51229.36161,21064.50151,9254.116634,8773.772205,16358.61423,10968.01706,20939.56835,23021.16842,48287.89782,14954.25336,1464.459044,5907.440476,18496.79177,4819.380917,4650.679212,3934.167125,4604.891733,419.0213646,3439.800461
PFNS,8915.53288,8814.992735,272211.1077,7333.172186,36257.93632,4339.111825,21967.9522,86868.70605,49784.49021,12213.2036,5458.878968,68249.0093,46993.56699,75727.33837,16402.46016,36570.41959,24786.42052,22455.45058,18680.6619,27977.1721,12903.70773,27422.77126,21776.18006,8105.921344,17683.98726,20732.31476,21107.28141,15924.82206,33078.26297,20536.278,13599.32546,23717.37661,23138.69752,10953.05344,9618.485821,4298.433313,5009.616174,34361.84116,8118.829337,110902.6825,50809.36556,25183.69053,32294.79524,58408.34986,40209.33428,84214.45389,99617.58181,182136.0972,63949.35514,5384.114583,25146.06481,70379.17676,11370.06701,11535.01837,11020.47828,16198.43079,1844.064849,10788.83457
PFDS,40321.64661,33470.68766,347216.8584,41454.63702,574843.0294,21398.07384,124417.2732,193504.1491,214724.2309,59469.50503,28539.33532,198898.7959,131978.15,218195.8454,139196.0302,421878.5081,296379.4664,224486.1867,131487.3644,64960.32874,31138.19552,43587.27411,41398.19735,16410.42856,38648.6609,29533.45938,68733.13936,53180.54938,103116.5477,60396.21935,34917.08825,88717.24983,82579.0202,30791.08506,24660.99518,19708.52402,21645.06363,107303.8628,45966.70361,351011.6448,128585.0957,93596.1139,134232.1242,220724.0031,147709.8792,255169.588,325134.4056,459247.4874,197205.5453,19635.89015,72038.88889,207036.5012,51385.86321,38215.98374,45980.98772,89422.50373,12050.63831,53638.88226
PFDoS,138.1039595,93.34875308,2843.069007,372.774152,3022.54979,24.50508293,611.2438892,515.4008439,828.7312484,361.1727831,29.26587302,777.4348422,614.6850044,564.5967563,4.081632653,5.248223165,3.365628655,4.93332536,7.795751316,2.098650094,0,0,0,0,0.100759728,1.829770364,112.8767532,55.49377224,306.882787,48.10031817,63.06913997,132.5642326,74.04463287,13.24972737,8.801498127,112.4716553,100.7081281,4.296028881,70.16925247,489.1869412,234.7432024,157.9520697,192.6158133,252.3132849,68.51457001,655.5918901,671.4734701,456.0301508,132.5663955,4.379734848,69.41137566,96.91283293,17.44495266,2.310433137,2.336448598,56.06206715,27.91178498,38.85443994
PFTrDA,1288.810396,1087.744269,3157.384988,942.9135444,7037.706206,607.7046549,1495.491581,2892.33474,3800.711925,3819.185059,2240.823413,2352.156683,1700.587844,2460.730949,50.26558569,95.00173458,29.35269581,70.48675477,16.05553545,0,96.98021378,6.242295486,3.125976868,23.8707993,1.511395925,8.284793592,1495.374515,1225.311388,2259.525826,1167.259342,1716.750984,827.0368492,448.6545369,340.2126499,210.6206528,371.5110287,231.4552545,1045.99278,2127.140842,8096.381784,1532.275932,1147.970816,1353.809026,1264.320335,1629.519071,3667.756704,7449.251248,6152.21943,4915.337258,963.0681818,425.760582,1915.375303,385.0920115,283.4595257,465.8695254,719.7773297,400.790916,553.5018682
PFHxDA,0,11.86134092,490.0121065,2.820078962,0.277251513,3.263777421,17.38185769,42.61603376,75.76913298,0,8.978174603,7.735101357,16.41526176,2.832703844,20.91137825,260.5431466,27.69746861,4.709083298,16.84439124,0,17.25005391,0,3.073877253,0.692679444,1.20911674,3.507059864,29.02118771,39.92437722,0,36.24680267,263.7998876,0.887423935,2.531943708,0,15.62332798,2.989074418,19.25287356,2.671480144,18.03344751,28.90413807,10.775428,1.317322795,2.512812858,0,0.094764274,8.633093525,51.21094472,5.234505863,8.672987912,3.136837121,0.297619048,19.43099274,1.941282842,1.085625209,2.886201209,56.58805996,0.377408027,10.11606646
PFODA,0,0,0,0,0,0,0,0.210970464,0,0,0,0,0.388198758,0,2.739726027,1.156388155,0,6.802009209,0,0,0,0.786843969,0,0,0,0,0,0,0,0.998190779,0,0,0,0,0,0,0,0,0,0,0,0,0,0,0.284292822,0,0,0,0,0,0,0,0,0,0,0,0,0
4:2 FTS,0,0,184.0193705,0,346.194723,1.070090958,0,7.383966245,44.03763031,0,5.505952381,0,22.73735581,4.832259498,0,0,0,0,0,240.1261898,134.7147067,77.37299027,448.3692821,102.3567086,7.153940713,80.20493428,308.11698,0,45.60299988,9.10849086,71.95053401,0,0,0,2.835741038,0,0,0,2.317146887,73.4040341,58.0060423,0,5.398815744,89.00638907,76.80644397,0.784826684,24.95840266,266.5410385,0,0,39.18650794,0.544794189,0,1.002115577,0,0,0,0
6:2 FTS,13508.63422,14074.96367,548442.7966,13284.98912,434830.9228,9811.771001,47853.61217,807454.8523,587025.9853,28674.35027,23499.10714,247534.0649,251023.7356,369673.6281,45667.71037,69165.62147,35566.58427,83350.25115,85716.60588,596439.6063,79603.60814,114107.378,174677.2429,45956.96329,50301.52349,61462.79975,294408.3856,176311.4435,169542.458,137957.3897,56921.3041,220128.7187,148394.3355,241234.8146,220485.206,37565.46073,49593.2266,190107.6534,17298.2571,436326.7831,284838.6707,186139.7882,277089.9388,834927.462,584974.4136,1255021.452,1681774.265,2152842.965,455739.2711,102166.933,148877.8439,461518.9467,37016.80672,39913.56753,36838.09786,23986.71868,897.3121985,18395.26194
8:2 FTUCA,4023.024594,56465.7652,99469.43099,30817.94376,9656.346749,59378.33066,17633.40576,8549.437412,8171.421307,654413.935,124077.7778,35192.99649,15688.83097,5276.716285,3196.812972,70860.79755,3422.899517,5030.79591,1121.520914,2609.434448,1985.193704,31168.51575,5900.072939,6260.143758,3527.59809,8185.884338,5934.646374,25169.03915,47592.41563,46813.08878,7799.662732,222661.8915,188323.3528,46795.17448,32459.87159,8744.629973,9996.305419,2439.422383,9179.730002,50162.40383,25682.17523,40126.48832,20321.29174,5332.947786,4071.783937,14897.51472,21038.91662,64060.51089,8286.388352,5196.170691,1663.161376,4926.392252,9636.129135,7828.860929,28464.72421,32488.82265,7848.905517,11731.19882
8:2 FTS,2443.746729,2029.356819,22496.36804,1332.285875,16802.18105,893.9539861,3611.189571,25467.29958,18906.28019,6346.219146,2870.138889,24525.30102,14053.3496,18966.8407,196.8688845,2183.171884,170.2677054,20.9292591,1370.845746,10548.49236,4851.474982,7678.443098,6543.867875,2573.277493,5640.579973,5362.243705,5366.980006,5470.974199,9725.716705,5070.996319,3469.926925,4208.037525,4320.644174,1767.066521,1486.864633,380.282416,420.0636289,13107.11191,1565.031231,11366.39634,21995.8711,13186.75584,10464.02448,14059.87002,8875.669273,56103.33551,25029.58033,27571.60804,7944.59174,1769.797585,1668.75,8735.048426,1088.155515,1733.993987,2296.774785,2281.449987,141.0029208,776.8304317
10:2 FTS,207.8318507,177.8015005,1994.098063,164.4508903,2645.441523,50.66880685,320.7495926,933.1223629,996.9997457,522.7896043,261.7063492,585.8862978,732.364685,671.3508109,0,0,0,0,0,369.430115,115.7191116,16.31389829,1.510888819,1.198868268,0,8.132312728,232.0202925,178.7144128,559.9370993,183.9166511,196.9645868,245.3938472,163.8403109,50.87241003,19.6094168,24.55163884,21.21305419,995.3790614,221.3882732,1558.01622,3615.407855,1446.901758,868.9854207,1433.906147,1065.955935,5697.449313,1335.644297,1314.070352,828.5175033,104.1074811,127.5132275,831.9007264,79.99149027,44.28794121,96.34414513,99.01814675,21.90607463,72.36266794
8:2 FTPA,1957.308564,1686.030306,18654.66102,1049.673677,13965.80565,688.1754949,2891.417708,21582.3488,15555.96237,5149.405772,2347.222222,21198.48346,11611.63487,15609.2535,156.9471624,1659.683861,108.4725563,9.343419243,1023.285167,8413.35283,3934.860511,5997.744381,5205.011983,2116.775098,4571.771155,4296.809084,4403.312444,4245.106762,7808.576267,4117.474577,2818.100056,3388.607167,3455.043279,1351.990185,1156.153023,310.904968,346.8801314,11050.28881,1237.003828,9428.6754,18392.09466,11295.6883,8898.119122,11702.08196,7286.851457,47993.45978,20917.08264,21770.30988,6745.023143,1424.30161,1293.816138,7059.322034,891.4211254,1397.867721,1836.173722,1800.867888,112.4675921,615.867716
 6:2 FTCA,0,0,6.053268765,2.014342116,1.386257567,0,0,0,0.661072972,0,4.265873016,0.381039476,0,1.499666741,3.522504892,2.045917505,31.17344574,1.420199725,1.902534547,314467.823,508501.1962,327673.9843,316383.5574,140588.6976,200594.7343,136967.7147,3083.93017,17345.41815,700.0725777,261.4635972,20.46093311,0.718390805,0,0,0.026752274,0,0,6.78700361,0,0,0.151057402,9.373258347,0.497586704,1.817580965,1.753139067,1.308044474,4.899242004,0,0,0.355113636,0.330687831,0,2.818849059,4.370337379,5.726589701,0.569825546,0.590725608,4.094125129
10:2 FTCA,221.2628641,77.03940931,1097.154964,223.8739828,207.4765491,300.2675227,238.0228137,370.6751055,889.0414442,2511.94985,818.0059524,140.984606,331.9653949,86.09197956,417.5566117,508.9886941,383.4609697,1166.133469,43.85110115,622.2159037,460.6175109,228.184751,3383.348963,61.30213079,208.9252967,486.8205707,323.0378991,1053.658808,118.0597557,2047.913157,0,1339.883367,529.3528823,195.4471101,70.75976458,373.1189445,251.0570608,153.5018051,269.7964941,1247.556665,481.0171198,247.6566854,314.9475046,199.4382022,532.1487799,549.7710922,2586.984655,2184.463987,385.1615513,162.3165246,69.41137566,607.0217918,316.2429529,72.15232157,125.2061572,505.1722626,275.6883594,415.9114397
FBSA,78.9290075,507.9619251,7992.584746,666.586093,601.0812809,924.7191011,1226.996198,1019.690577,443.1731503,870.9677419,875.297619,225.8420972,2318.988465,812.5972006,2653.676265,765.5289586,799.7506124,3539.436704,135.7760021,1509.26791,3125.6995,2703.595877,1994.63374,1075.864384,839.3285372,2553.393716,4696.657714,3562.05516,4053.64703,4352.04941,5629.229904,251.9861393,63.2691515,460.5779716,354.1733547,23.59307359,60.02668309,43.14079422,239.1698569,623.7263464,893.5548842,356.2091503,144.200627,145.7920247,332.8121298,294.3100065,235.7182474,4047.319933,159.3493012,214.3110795,439.6494709,316.0411622,276.6726944,569.3965037,947.5902511,650.5654423,75.26828788,181.1550998
FBSAA,0,2.253654776,400.877724,0,107.9894644,0,2.661596958,0,2.186625985,0,0.744047619,0,13.08784383,4.943345923,215.2641879,44.03170283,44.24974068,335.6903666,0,57.40823483,112.6387449,109.8434181,372.1996457,113.4662212,96.27592044,290.781007,96.68755595,77.79137011,47.05455425,158.7747208,253.0073075,0,0,14.23118866,5.912252541,0,0,0,0,38.05364941,0,0,0,0,0,7.325049052,0,38.10720268,3.280456568,0,6.216931217,2.179176755,0,0,6.642844054,0,2.248039119,0
MeFBSAA,34.27524856,95.33552768,4528.1477,51.72830554,1779.307795,147.8330658,97.39272135,668.2137834,585.0495805,1.044795612,74.20634921,228.5474775,1354.702751,1435.347701,12595.13559,3328.97464,4057.679151,14777.62662,8311.384581,887.2551011,1659.547597,1569.229155,1122.95509,1202.011967,431.0501179,1131.05222,1869.889585,1349.254893,1462.199105,2231.517874,2133.389545,169.1176471,11.86480598,400.9269357,220.5189941,0.968872397,4.946633826,337.0758123,234.1829539,1109.378249,755.5387714,457.7696712,200.8011146,738.9292796,769.1542289,748.0052322,457.3858384,4807.579564,59.7672224,317.6195549,1581.845238,1491.88862,307.8927774,549.85525,574.5372916,340.6241781,1.575268288,121.8300342
MeFBSA,0,0,1120.460048,0,477.5195231,0,3.965236285,169.8312236,50.44495296,1.958991772,6.89484127,15.6226185,451.863354,317.929349,3194.240984,895.044432,756.7698793,4394.546433,2043.461314,23.22054782,313.8380343,427.4661001,230.9575909,262.4189432,97.43465732,202.392933,162.7126231,417.7046263,120.7814201,438.4552998,484.6543002,14.49459094,0,154.9618321,22.25789192,0,0,1.444043321,1.309691719,53.96132252,86.60624371,75.72072757,18.98293278,212.4917383,161.7626155,0,199.7596598,760.678392,27.41203433,7.901278409,410.9126984,474.8184019,100.255292,43.53635453,54.60875939,0.832821951,0,0
N_AP_FHxSA,15410.64887,11554.31011,490104.5702,42574.97381,1815.258075,19847.0305,60166.81152,22055.48523,5768.675311,36754.14653,14552.43056,10310.50907,13068.48935,7856.420795,13.19541515,5.15927023,10.92449957,19.9575435,4.037085503,6863.804379,1568.728117,2748.341071,3999.166406,4124.93273,2242.558894,16013.99774,5723.067741,4286.754893,9763.759526,6447.813338,2430.747611,2932.555781,1566.625449,1424.536532,902.3274478,452.2366522,433.5385878,13769.16968,11650.66492,12732.89665,5376.636455,1950.524396,873.9115291,737.6624807,728.0739161,5498.691956,2316.971714,7290.619765,1326.293084,574.514678,312.5,614.346247,763.8549091,487.7240842,1364.760858,1461.076532,199.6488464,292.3324589
FHxSA,8179.661608,39830.73867,110244.2494,49404.56047,2312.64729,36233.01231,71200,54062.16596,5314.569031,60653.65025,38504.26587,22357.49124,32475.26619,53030.77094,11080.9617,1988.364956,3371.80817,9355.752556,4616.616087,12618.43833,2669.394503,14508.24875,2187.923309,665.5850211,1294.863269,4376.81071,9280.811698,5903.525356,18068.70691,6105.121966,3567.284992,4560.598377,3111.523288,1914.231189,1629.507758,267.5840033,727.5759442,2644.33213,19715.39391,74399.56332,21313.54481,9641.916198,8383.58959,17408.7354,10434.02037,7194.637018,26878.07358,90336.26466,17662.78704,12405.24384,19325.06614,27446.79177,2129.401128,3428.098207,7380.612058,7549.092662,2796.790391,4839.216154
6:2 FTAB,1430.010466,1338.52267,6765.284504,1084.07864,1073.286817,759.4970572,2289.951114,4045.499297,2828.375286,3140.133211,1041.617063,1484.301174,1792.03638,1765.829816,45.96030193,225.0509256,41.21515747,143.5149196,230.3458901,1148.43549,582.8053927,1364.807092,1165.259977,549.8542709,935.5036979,1148.079249,2474.037601,1385.676157,2794.786501,1737.600599,1173.580663,1226.63117,1171.347818,654.2257361,632.8250401,121.6553288,67.21059113,1597.581227,1812.109611,3132.355999,2777.240685,1282.717738,883.1168831,1666.391276,1526.652452,4424.722041,3704.936217,7720.058626,2016.671909,1020.06392,1079.06746,2685.835351,401.2605042,591.470883,663.1390874,1040.501446,236.3394703,73.35638763
FOSAA,7513.256585,8747.264478,30515.88983,14214.20514,9261.540594,9034.670947,17736.44758,14424.82419,15860.10679,19668.34269,17482.7877,13501.14312,32086.06921,17279.77116,4300.754822,1703.003941,1915.208228,7379.507265,1901.281659,10791.25878,4124.559764,9454.822042,12911.11806,4722.581883,7436.017572,9649.19236,19253.58102,14507.06183,22816.74126,20142.67889,18967.11636,11833.1643,6014.131779,5740.239913,3544.007491,2689.806226,2748.552956,2170.108303,14984.53556,45365.04471,11925.32729,7563.459492,8187.615067,12676.47059,17211.70339,15452.45258,25776.94583,67624.79062,22195.83876,12392.57813,8969.775132,16554.72155,8196.707797,3831.755929,8195.482866,19833.9616,6093.285419,7691.291041
N-MeFOSAA,10152.75597,7835.038401,48820.36925,9603.819193,18018.8531,5390.101659,19168.60402,26113.29114,27840.3763,10044.66501,7985.367063,18546.52492,27554.5142,32052.8216,10042.99692,8458.000872,8029.672706,13835.80996,9528.403449,7414.327687,5323.643869,6753.796522,10212.30593,6479.909632,3919.553433,9083.335875,23980.30439,14426.76824,29228.25693,22970.74053,15570.88252,16406.73597,10836.42466,6216.930207,4949.571964,1838.136467,2158.210181,12814.51264,17728.84344,56749.32418,25387.41188,14644.39884,14792.25755,28471.02886,26946.6951,34372.20405,51455.72194,111934.2546,34968.49863,8714.6366,20042.65873,44364.28571,11013.53579,8790.084623,10016.67583,13444.68309,4216.714253,6330.849034
N-EtFOSAA,6385.705564,6217.922486,14689.31598,6722.866812,19440.22919,3442.322097,13827.21347,17335.86498,14408.13628,7536.502547,6888.938492,15348.57491,11208.01908,20733.11486,9366.116858,9981.764648,11167.43175,6690.934641,6560.495958,1712.972366,1981.497264,2150.601936,3110.920079,2143.416615,684.712734,1438.199506,5173.082662,2274.188167,6045.784444,4792.875413,1767.734682,4110.294118,4455.426014,2848.800436,2888.764045,579.0970934,827.9659278,5993.646209,11748.23695,18959.97089,7394.612286,5833.763997,8718.490322,14371.72285,12968.77517,26082.07979,32530.87447,83342.96482,34935.46937,8142.726089,13687.20238,37528.20823,4612.860334,5123.733437,3882.352941,4375.12054,3501.427587,2534.442325
N-MeFOSA,663.4397349,502.7132817,3344.430993,647.6915639,1082.759577,286.8378812,1410.048886,1633.192686,1778.438851,385.2030821,421.8253968,1041.80003,1744.398846,2052.654966,345.317305,380.7185618,457.3944517,660.16863,383.8479457,286.5672854,208.746188,352.506098,371.5744503,404.2850216,98.89567338,470.4542913,1321.844226,859.48621,1774.101851,1169.13095,760.0899382,954.7836376,702.8793499,309.3238822,179.6147673,82.87981859,163.1978654,785.9927798,982.9236349,3601.996257,1576.384693,796.4482951,886.2019207,1233.090989,1580.904999,2399.476782,2615.085968,8191.373534,2034.961578,547.2892992,1204.06746,3215.738499,650.1967876,516.4235609,717.7478468,818.5763128,265.2193889,438.9856109
R-EVE,0,0,0,0,2.125594936,0,0,0,0,1.697792869,0,0,0,0,0,0,0,0,0,0,99.44450719,35.72271619,294.6233198,36.95178418,1024.021119,889.1667429,131.1548791,25.13345196,470.5455425,54.90049286,234.232715,0.126774848,0,16.82115594,0,0.22675737,0,0,0,0,0,0,0,0,0,0,0,0,0,0,0,0,0,0,0,0,0,0
PFO3OA (dimer),0,0,0,0,0,0,0,0,1.525553013,0,0,0,5.046583851,1.110864252,0,0,0,0,0.464032816,29600.10561,385251.3066,3248.039447,239918.8288,83140.36883,112983.3948,171137.9139,239.1823336,0,0,0,0,0.549357674,1.354295472,0,0,0,0.985221675,0,0.402982067,0,0,0.911992704,0,0,0,0,1.571454982,0,0,0.147964015,0.661375661,0,0,0,0,0,0,0
Hydro-EVE,0,12.72128814,1615.768765,0.322294739,634.1204196,0.428036383,19.71754481,1290.92827,214.2893466,3.656784642,6.89484127,1088.363054,1708.906389,1504.998889,43.33240145,5.87089371,70.12645936,28.62823656,67.51677479,7004.752427,17128.17406,9563.563879,317079.0872,9037.255497,135780.5856,8339.635876,9641.524918,26633.67438,13881.15399,23572.21286,9366.441821,1401.411427,569.2751575,1188.904035,1370.251471,142.6097712,162.4178982,101.5884477,0,195.0509461,161.8328298,36.4290419,86.05762054,155.9264155,157.4982232,175.2779595,207.1547421,807.7889447,155.5745293,2.604166667,158.5648148,328.0871671,49.06392937,57.56597261,29.68664101,9.862365214,0,18.76142778
EVE acid,0,0,0,0,0,0,0,0,0.152555301,0,0,0,0,0,0,0,0,0,0,1.353967803,21.76792517,104.7551604,5.678857976,4.182718181,60.7581162,20.99153223,42.22620113,45.65169039,80.50078626,115.4781958,30.18549747,0,0,0,0,0,0,0,0,0,0,0,0,0,0,0,0,0,0,0,0,0,0,0,0,0,0,0
PFO4DA (dimer),0,2.550188299,0,0,15.71091909,0.160513644,0.706137968,4.641350211,3.559623697,12.9293457,0,4.953513184,7.542147294,2.999333481,1.28599385,8.53948176,2.372492331,2.242420618,17.21561749,1415726.471,2174832.582,1482033.31,1416529.645,624790.7309,891556.3348,607302.5119,25547.82155,89303.99244,6453.187371,3845.717138,461.8324902,0,2.384737679,8.178844057,0.535045479,0.371057514,0,20.97472924,2.820874471,11.64483261,3.675730111,9.575923393,0,12.72306675,8.81307747,0,35.40395637,17.16917923,11.95344448,4.024621212,8.399470899,9.8062954,3.350707372,8.991203652,0.458127176,1.928640309,0,0.198743938
PFMPA,129.0772719,77.00975595,2530.569007,80.17081621,1173.975325,97.96682718,283.3242803,1283.755274,443.7325197,122.0451874,44.19642857,1338.744094,2338.564774,2746.667407,1103.997763,1099.636182,1399.273907,1348.218023,881.801561,25201.8089,39294.80137,99972.408,58051.78702,54106.73657,159756.4134,30203.10451,52665.99523,134731.8728,100341.4177,53544.26352,20098.76335,3743.196416,3413.119001,2801.226827,1914.847512,370.1401773,442.1182266,840.2888087,113.2379609,1112.497401,1368.731118,752.3686477,864.0841917,1621.061908,1003.837953,809.1563113,1211.68423,3358.877722,837.9993709,326.2902462,1076.884921,2091.88862,54.24954792,173.6165238,64.64174455,62.7684755,0,25.16098259
PFO2NA (dimer),2.747252747,1.749547786,99.87893462,10.67601321,1.386257567,0,0,4.430379747,10.93312993,0,35.16865079,22.17649749,3.881987578,69.37347256,3.298853788,1.156388155,6.841605791,29.67469952,22.55199488,4040.307621,5185.078703,80802.21365,23705.22038,22863.82988,199531.2657,3562.054629,4209.788123,64348.14279,69906.67715,8863.247863,654.8622822,89.20723462,203.7037037,64.04034896,9.336543606,1.329622758,0.246305419,16.28158845,2.065283095,32.7510917,29.50654582,0,3.955814301,27.09847984,24.07012556,0.654022237,33.64762433,6.281407035,1.078506269,0.236742424,3.505291005,6.779661017,0,0.94644249,10.53692505,1.22731656,3.216172754,1.172589236
Nafion Byproduct 4,0,0,242.2820823,0,2230.904302,0,0,0,123.366387,0,0.793650794,340.3063557,103.8154392,916.407465,0,0,0,0,0,6143.222714,35794.22123,13895.61203,73509.27373,27385.37487,5990.26661,189651.2763,28191.51,18468.58319,13080.07742,7352.735667,45773.97414,7.352941176,13.07189542,283.4514722,351.7388978,59.47227376,56.82471264,0,0,0,0,0,0,0,0,0,0,0,0,0,0,0,0,0,0,0,0,0
Nafion Byproduct 5,0.261643119,0.504106989,0,0,960.7227023,0,1.412275937,1.828410689,150.877193,0.326498629,0,170.0198141,57.84161491,298.2115086,4.584847638,54.79500796,44.58078612,48.43628536,167.2838303,46965.01347,123562.1361,132180.0824,893549.8593,429627.7647,100916.309,1914978.297,20287.00388,26903.58096,16112.85835,14592.48861,35310.23047,70.19100744,140.3756698,475.7906216,596.7094703,89.2393321,55.02873563,0,6.800322386,0,0,0,0,0,0,0,0,0,0,0,0,0,0,0.835096314,0,0,0.229726625,0
NVHOS,127.2457701,0,7172.820823,0,11552.65468,0,7.441607822,732.559775,2336.943809,72.48269557,81.29960317,7070.644719,4758.096717,11304.76561,29.46603299,0,121.0522831,0,128.9083164,6244.567204,24007.45449,86655.12629,481916.1196,239119.5511,19950.98039,2445088.998,12679.64787,10589.02358,7537.982339,15348.05665,39866.55424,1199.247803,447.0647118,2434.97819,3294.917068,984.0960627,786.3095238,0,0,0,0,0,0,0,0,0,0,30.360134,0,0,7.638888889,0,0,5.233270237,0,0,0,19.41728277
PES,0,0,153.9043584,0,0,0,0,0,0,0,0,0,0,0,265.8093374,0,0,175.5815344,22.18076862,0,5646.414966,2683.452671,861.5192248,15256.69102,378.0001209,270.2469173,14650.55207,1132.951512,306.3989355,355.7926259,268.6902754,0,0,1700.845147,1613.322632,0,0,0,0,0,0,0,0,0,0,0,0,0,0,0,0,0,0,0,0,0,0,0
Nafion Byproduct 2,8134.353741,21663.67168,191411.4709,9262.710499,85788.91918,7442.750134,32517.49049,634251.3361,55769.53979,45498.30221,33266.71627,483772.4432,595756.1003,633523.4392,29319.87699,35177.59453,31840.17126,25372.39132,27551.20602,4330533.057,3479871.035,3649228.316,10992626.86,4720599.754,7795823.711,6198249.52,3940521.934,7746314.057,8757350.429,6209827.687,2142965.936,362870.3093,228323.0878,210804.2803,199084.4034,55354.463,63070.96675,6271.732852,836.943381,20789.04138,19326.08258,14439.68182,9113.947355,33088.78608,30018.52642,23707.19424,38133.66611,73258.16583,18633.62243,4251.982718,13898.18122,44667.61501,4311.456228,4252.839327,4426.287337,4181.160691,140.5106495,3858.51419
Nafion Byproduct 6,148.6132915,551.0185927,8071.731235,518.0082185,4027.12444,352.0064205,744.9212385,15304.99297,1878.718535,1059.814549,1091.319444,7181.832038,28103.70453,16585.59209,73.91668996,33.62420943,115.7003818,64.35747175,143.8501731,40537.11903,41247.44586,59513.5206,684602.3236,661403.2087,73745.491,772253.6163,82762.60818,193390.4582,127652.4737,58563.16676,22482.23721,10040.10311,1943.561208,8453.353326,8581.193151,1494.392909,1763.228654,2.38267148,0,105.2193803,11.17824773,22.62248569,13.136289,71.76690901,11.7981521,54.08763898,95.39656129,290.201005,51.85817643,12.63612689,74.76851852,50.84745763,7.658759706,13.08317559,15.98863845,0,0.968133635,7.274028142
Nafion Byproduct 1,12.82051282,30.75052635,8565.829298,6.768189509,6850.884894,11.5034778,179.4676806,2678.83263,9463.412154,16.71672979,66.26984127,983.8058223,1471.994232,1488.835814,2187.866928,3487.221911,1587.252544,4222.552772,2778.628505,2698184.871,2126997.567,2116661.473,1278638.533,1238510.739,1333272.071,1176413.243,1543344.076,2064631.005,2988921.253,1489124.836,918671.1074,38294.58249,44747.60054,14705.69793,12127.15356,1433.013812,1685.488506,642.7436823,5.893612734,2002.079434,1202.870091,479.8094949,522.5904364,1249.118749,826.2497039,1733.355134,2569.883527,6235.343384,873.724891,107.3035038,822.7843915,1437.046005,653.3613445,642.6901236,690.8557816,289.8658718,0.426635161,184.6132443
9Cl-PF3ONS,96.58991802,151.2617501,845.1876513,81.2988478,315.2811792,8.828250401,758.3921782,982.7004219,222.4256293,63.53663315,38.49206349,636.1073007,537.4889086,1076.094201,777.6908023,722.2088793,603.6061883,295.6257848,312.711715,2315.352641,2036.225113,3577.517245,7903.876211,6017.652669,3617.475767,1500.106737,27359.59415,56918.14947,112302.7096,43896.68725,6405.621135,46.61088573,86.40993935,1252.998909,851.070091,428.5714286,644.1502463,275.1263538,43.92504534,1940.216261,565.8610272,621.2696965,1097.775787,2197.565543,847.9507226,846.9587966,1168.607876,1847.152429,861.4119445,204.3087121,326.3227513,1415.435835,54.48888416,33.68221802,65.37474803,61.14666433,1.23067835,34.08458542
11Cl-PF3OUdS,0,0,0.453995157,0,87.47285246,0,2.824551874,0.773558368,35.5453852,0,0.843253968,4.343850023,14.19698314,0,1.118255521,1.60115283,2.041446889,0,0.324822971,16.31531202,54.83052849,9.59949642,4.324268,26.77472466,13.35066401,0.457442591,29.99104745,244.7731317,819.9467763,322.6027825,21.86621698,16.48073022,11.12877583,43.62050164,26.77902622,15.79055865,21.1001642,0.288808664,0.151118275,1.871490954,3.575025176,0,0,4.791804362,3.458895996,1.504251145,6.193381401,0,0,0,0,0.786924939,0,0,0.366501741,0,0.328180893,0.814850147
PFOPA,66.80620966,155.4132195,10049.93947,194.2631537,2267.732545,91.65329053,197.6643129,4418.002813,1980.116959,220.3865744,1214.335317,2643.156531,11186.16903,4881.415241,19204.75259,2884.921588,6519.93997,32089.26329,19289.05532,1743.436641,1703.596842,3215.516563,1911.691153,756.6990095,910.5152853,970.744005,2516.487616,2315.224644,3071.186646,5713.144925,4348.341765,204.2342799,56.35046812,472.7099237,810.6741573,47.70150484,81.00369458,303.4296029,143.2601249,3933.354128,2377.34139,870.7757005,548.5147037,1632.903723,1642.549159,1573.839111,3645.220928,11232.62144,1441.019188,213.3049242,2800.231481,4087.227603,548.2661419,654.6598374,961.9754444,880.6434645,3.462308424,421.6948883
PFDPA,540.7727193,905.8506064,4688.40799,914.0681653,1286.862899,441.7335474,529.6577947,3165.541491,1630.561912,795.3506595,782.4404762,2459.609816,4812.278172,4117.362808,4225.719877,1940.864089,1919.235947,8046.253663,4403.068185,1034.90529,415.1307616,1564.298266,1418.9851,345.3273443,502.236866,927.2361319,688.4512086,856.0387011,1968.186767,1228.585688,1171.275998,681.8796484,209.5330625,376.8811341,285.9550562,164.2857143,221.6338259,292.8519856,802.1861777,5032.959035,1627.895267,812.3575011,1219.634771,1985.8449,2238.474295,1260.039241,3544.832686,7947.445561,2460.027861,907.1673769,2150.330688,4875.726392,698.8086374,265.9781761,694.3833608,1634.084334,267.1556562,769.934017
6:6 PFPi,8895.953253,13341.33974,47404.50969,14900.93465,226427.1984,6291.492777,54131.55894,66852.46132,70749.30079,37660.24553,16502.18254,86081.9997,71220.66327,67102.6994,5383.953033,1898.967256,4787.358478,5345.033786,1995.89795,577.6026646,677.1159553,612.7940829,297.8534959,501.8196156,377.949741,909.4466978,6831.468218,7940.502669,11985.78686,6593.923514,7385.834739,4110.505409,2188.158747,1562.131952,1166.934189,3431.849103,3220.166256,7895.126354,9556.115253,58344.56228,9078.046324,10357.39981,12880.0816,13908.95572,8910.732054,33520.6017,45109.07746,63712.73032,39347.27902,3854.373816,6496.759259,27482.62712,4162.1636,1712.615522,3505.818215,15091.43508,2435.151455,8366.901185
6:8 PFPi,284.842142,393.9744388,2692.039952,398.1548626,2802.920383,105.9925094,1725.203694,1104.711674,4065.141114,1795.22006,618.2539683,1479.881116,525.565661,504.6656299,13.86636847,11.83074036,117.5211317,34.23428811,9.187849765,0,3.901797907,1.416319144,1.510888819,0,5.18912601,0,24.54491197,77.73576512,129.5512278,31.25584877,123.8336144,17.24137931,0.559382912,0,0.775815944,82.68398268,82.97413793,119.7833935,281.5837195,491.7862341,69.2346425,191.1384709,208.8620192,244.3820225,61.73892443,778.5480706,1572.84156,630.6532663,1081.022783,116.3589015,49.76851852,264.5883777,38.90543559,5.066250974,4.581271761,154.8610502,73.34842965,51.89204229
6:2 diPAP,237.833595,984.6988702,11759.83656,347.8365966,877.6396654,171.1075441,1981.694731,290.2250352,427.5616578,44.59971268,17.46031746,56.01280293,222.1606034,79.87113975,22.98015096,181.0192227,7.062302752,4.783830652,25.47540162,20.44491382,10.78128369,26.38550109,0.833593831,1.039019166,5.79368438,9.860429183,631.0802745,477.2575623,244.4054675,146.359723,792.7487352,1014.494591,348.8194076,93.26608506,43.92723381,158.4621727,96.56198686,883.8628159,441.8698368,2400.707008,594.0584089,551.5275878,577.9967159,1577.88059,1138.924425,180.706344,117.6742466,203.5175879,27.45697209,88.77840909,63.82275132,258.3535109,109.9882991,133.4205545,126.9012278,341.7199965,117.7841226,59.32506559
6:2/8:2 diPAP,0,3.08394864,1716.404358,0.564015792,1.386257567,0,26.39869636,0,0,0,0,0.533455266,0,0,0,0,0,0,0,0.406190341,0.513394462,17.10074226,0.93779306,0,36.07198275,0,0,0,0.725777186,0,0,0,0,0,0,0.793650794,0.133415435,0,36.06689502,0,0,44.56097685,17.19162064,93.30248954,11.419095,0,0,0,0,0.118371212,0,0,0,0,0.229063588,0,0.032818089,0
PFBS,214.0676784,63.19129378,86205.50847,235.8391749,31765.90731,124.023542,304.5084193,13035.16174,17333.07907,342.2358626,351.2400794,11076.13169,29821.04037,23651.85514,96931.56276,22391.67756,26876.86213,99419.13831,49900.04733,15555.60069,32064.20511,19090.77557,29276.75315,12866.57395,13056.09294,55841.28775,37965.68189,25435.72064,17528.6682,39968.68176,73314.3339,6266.649763,1534.711182,16354.49836,16805.8855,3620.655535,3205.818966,4673.176895,465.2427967,21638.28239,7758.761329,5254.597963,4401.303677,10623.92597,10354.56053,12053.95683,22086.70734,109650.5444,6252.055903,1158.587831,29263.69048,18209.20097,25189.36815,27911.14575,19172.25582,17140.52775,155.8695153,8779.612847
PFHxS,142609.3232,183729.1166,7233799.031,158285.5531,1842166.813,135475.0134,341663.2265,2884551.336,1789357.335,273820.4911,196145.5853,1974128.334,3083092.946,3415871.362,1521607.604,1519202.092,1274489.418,1696459.816,1330053.642,1708604.059,1120000.103,1911142.025,1695700.115,734407.2529,975016.5246,990853.3846,1841643.092,2099083.63,2398410.548,2302296.338,1648760.652,1295117.901,543474.5922,908010.1963,847879.5613,303686.6419,346070.8128,862921.5884,129827.8763,3673389.062,1834316.415,820490.6014,765705.9263,1903231.549,1703911.869,2135705.428,3257702.718,7544145.729,1221244.956,329826.6158,951258.9947,2403513.075,808860.3872,824243.9038,969543.5221,852594.8979,23814.46293,642761.3085
PFOS,2654476.714,2331052.872,25209256.66,2199284.345,5679463.611,1776913.216,4543066.594,11669007.03,7285922.4,3983918.245,2419146.032,7033028.502,8306332.742,9312644.301,5246991.334,11488124.25,7139474.3,6601197.752,4911459.94,7747108.06,3973332.649,7110326.645,5627962.905,2101119.263,4540596.498,4110962.154,6487905.7,4984906.584,7570957.784,6317166.136,4470446.318,5870544.963,3970721.781,3264098.364,2971748.529,1201821.068,1237009.113,4638579.061,2644465.847,16896923.27,7404402.82,3754410.093,3876036.025,8558397.004,6619862.971,9620135.513,14794385.65,32624834.17,7517717.162,2337418.087,4908308.466,9657268.765,3558207.212,3595634.339,4631762.507,4396047.69,710110.8595,2845844.662
PFHxA,68.89935461,82.99973312,45529.20702,138.465877,16086.73352,208.2932049,226.9418794,2982.559775,5676.023392,104.6754604,445.5357143,3584.971803,16362.74401,16406.02088,18286.6648,2313.043169,4647.381431,22199.88937,8418.576162,6699.703481,22733.97953,12589.71333,16725.74763,11508.46934,5041.563388,29541.23591,23148.68696,7922.76468,4772.105963,20682.82488,47552.16414,623.351927,102.367073,1394.193021,1857.731407,152.9684601,99.9589491,1429.277978,300.0705219,13800.99813,4882.426989,3079.774028,2534.607155,8379.488874,4284.719261,3900.784827,7823.812165,62239.74037,3468.745787,2156.338778,15318.38624,13293.76513,2394.798426,2420.860706,2226.039949,1778.77619,14.52200453,582.2799905
PFHpA,7406.85505,11991.93429,2128623.335,24905.6885,837343.9305,28085.17924,64518.088,253961.8847,243053.3944,11344.84785,30090.42659,195600.3658,898362.5776,801685.2922,511458.7084,96332.91525,210591.7437,518729.7435,283209.715,173720.8389,452322.2885,301495.8953,649510.6804,183001.0337,161112.1355,264903.6321,576868.2483,289098.6432,260384.7829,584309.5015,528426.4193,25197.05037,5443.266796,40676.19956,46439.35259,4644.186766,4956.937603,73868.23105,23556.41749,676495.6332,483729.1037,206841.0599,207741.8023,705852.3904,743850.6989,222625.1799,541380.0148,2621213.568,265345.5264,106469.3419,724688.4921,868162.7724,61022.31146,77742.28928,67317.20726,50145.26168,881.346198,30993.50107
PFNA,79138.14757,89647.45129,1589055.236,90248.36838,721070.884,69807.43713,227158.012,808453.4459,437764.1495,97559.29215,110547.5694,739083.7525,914154.3922,1474880.249,397905.787,695713.0023,513785.615,438253.6028,381904.3907,227910.8277,278129.2419,313848.5063,366520.8398,128448.9309,128404.3186,170541.2562,389863.399,262838.2451,485203.1571,489313.0576,236146.9927,145187.9648,106085.9094,92067.36641,147332.8785,19788.68275,24972.7422,253817.2202,116366.3611,1361160.532,710916.9184,464291.8377,365412.7731,1269121.172,991760.0569,617882.8646,1651264.189,3781899.916,910207.0732,345520.567,905016.2037,2038219.37,169104.8027,144895.5016,146918.4534,108993.0306,16886.44941,88917.14365
PFDA,219260.1169,184894.1672,2692850.182,234124.7684,1006735.271,160658.9085,597655.5676,1198978.903,724597.5083,199290.9756,194279.4643,905701.4175,1208403.172,2060708.287,299091.7529,563080.707,550260.6431,358743.0485,249883.7134,354573.0263,362965.007,373877.4097,668055.7987,209174.0597,226171.2815,289321.5618,489729.3345,277841.359,431638.0791,461790.068,255676.4474,154136.283,157826.8857,91703.92585,92200.37453,24402.28819,28656.98892,661303.4657,250872.7584,1904812.227,1180779.758,626982.3175,725581.5296,1323946.354,1155020.99,1149156.704,1630698.835,3726755.025,1155871.029,419423.2067,1138675.132,1919866.465,120057.1482,147937.7575,144660.711,137879.5476,27201.69998,102438.5285
PFUdA,78072.12629,65544.05005,271809.322,90500.88631,866275.588,47951.25736,227408.365,322036.4979,193997.4574,103352.1614,69645.3373,226884.6975,98569.82032,244554.6545,45709.64495,84049.31551,73139.19357,43229.08569,26985.2716,52769.74424,54874.2697,45108.13859,61509.43003,35804.09427,19969.77208,23901.78199,38810.87735,20259.50845,56131.78904,38503.64964,13895.5593,17753.16937,52516.0749,29158.64231,28625.06688,4328.3859,6215.506979,143003.935,96122.75841,170123.5184,115974.5217,143685.9958,178494.2529,252928.894,249323.6674,439808.8293,394314.291,651655.3601,364824.8775,63774.50284,168022.9497,400553.3898,32625.14626,39778.72731,32213.44145,26734.81196,13512.20833,16422.86748
PFDoA,17931.23147,18922.69371,98831.87046,17493.15124,328936.0473,9615.141787,47051.11353,73791.42053,82690.6687,45782.02952,23123.4127,46133.63054,49960.12644,53787.54721,2297.959184,2153.995321,4693.727792,3281.483585,908.6690611,3584.900551,4360.156483,1836.808561,1239.814525,1461.047438,666.3240836,1483.537149,57416.96509,41970.02891,62899.11697,30323.53859,28239.85385,18766.73428,11737.59053,6746.31952,4255.831996,4861.574933,4335.816913,30920.93863,28066.03869,116762.5286,36578.85196,32136.03891,38188.31169,37227.30778,36004.73821,96032.63571,115810.3161,132261.5159,64255.56105,14459.66501,13971.26323,54574.45521,12088.87352,8237.891103,10669.55287,15427.93898,4587.657117,8839.3354
PFTeDA,204.9973836,195.9196987,2201.725182,273.7893804,844.4156924,94.91706795,397.338403,426.371308,1717.264175,963.1709547,758.531746,896.1667429,818.3784383,474.672295,23.20380207,135.2974141,34.98046832,4.111104467,5.429183952,6.295950282,0,0.157368794,0.989892675,2.903925361,0,1.473981682,1524.694121,1082.350979,393.8550865,751.7000437,1927.37493,176.1747803,77.90143084,73.14612868,38.63028357,379.1280148,322.1880131,182.599278,321.0255894,815.9700561,208.2074522,229.1888332,104.2195353,216.6776823,166.3113006,710.4643558,1913.015345,2113.065327,1121.826271,258.256392,154.4973545,370.7627119,264.0144665,45.65193186,293.2013927,980.362935,167.7824817,229.9864854
